territory,timestamp,winner,randomNumber,day
Hawai'i,2020-04-21T03:00:50.558Z,Georgia Tech,128.127251321415,30
Air Force,2020-04-21T03:00:50.558Z,Texas,19.21409375521093,30
Akron,2020-04-21T03:00:50.558Z,Ohio State,59.42053904735008,30
Alabama,2020-04-21T03:00:50.558Z,Alabama,58.894124515474424,30
Arizona,2020-04-21T03:00:50.558Z,Michigan,37.901018136737996,30
Arizona State,2020-04-21T03:00:50.558Z,Michigan,79.27574879925773,30
Arkansas,2020-04-21T03:00:50.558Z,Texas A&M,114.45780771371314,30
Arkansas State,2020-04-21T03:00:50.558Z,Chaos,64.60156281337676,30
Army,2020-04-21T03:00:50.558Z,Michigan,268.1596316808806,30
Baylor,2020-04-21T03:00:50.558Z,Texas A&M,44.684877128192376,30
Boise State,2020-04-21T03:00:50.558Z,Michigan,295.6738015237083,30
Boston College,2020-04-21T03:00:50.558Z,Ohio State,547.8480006595288,30
Bowling Green,2020-04-21T03:00:50.558Z,Ohio State,30.76264962449315,30
Buffalo,2020-04-21T03:00:50.558Z,Ohio State,141.60833831674148,30
BYU,2020-04-21T03:00:50.558Z,Ohio State,211.84804254955876,30
California,2020-04-21T03:00:50.558Z,Michigan,9.35481832443206,30
Chaos,2020-04-21T03:00:50.558Z,Ohio State,175.0074831973718,30
Charlotte,2020-04-21T03:00:50.558Z,Georgia Tech,178.13565180775993,30
Cincinnati,2020-04-21T03:00:50.558Z,Ohio State,67.83584693777611,30
Clemson,2020-04-21T03:00:50.558Z,Georgia Tech,135.08934376922838,30
Coastal Carolina,2020-04-21T03:00:50.559Z,Clemson,116.35154002524884,30
Colorado,2020-04-21T03:00:50.559Z,Nebraska,12.249740245474568,30
Colorado State,2020-04-21T03:00:50.559Z,Nebraska,4.6144007254324535,30
Duke,2020-04-21T03:00:50.559Z,Chaos,134.50360876828464,30
East Carolina,2020-04-21T03:00:50.559Z,Chaos,50.42811652347708,30
Florida,2020-04-21T03:00:50.559Z,Georgia Tech,5.625905555847188,30
Florida Atlantic,2020-04-21T03:00:50.559Z,Georgia Tech,230.48666983257374,30
Florida International,2020-04-21T03:00:50.559Z,Georgia Tech,128.67708393929004,30
Florida State,2020-04-21T03:00:50.559Z,Georgia Tech,13.029198279480749,30
Fresno State,2020-04-21T03:00:50.559Z,Ohio State,37.13397917757174,30
Georgia,2020-04-21T03:00:50.559Z,Alabama,5.197656567154985,30
Georgia Southern,2020-04-21T03:00:50.559Z,Georgia Tech,1.49815121041807,30
Georgia State,2020-04-21T03:00:50.559Z,Georgia Tech,7.177731398073186,30
Georgia Tech,2020-04-21T03:00:50.559Z,Georgia Tech,95.44655318754296,30
Houston,2020-04-21T03:00:50.559Z,Texas A&M,169.20017878953794,30
Illinois,2020-04-21T03:00:50.559Z,Wisconsin,131.27268141443034,30
Indiana,2020-04-21T03:00:50.559Z,Wisconsin,247.5424686866972,30
Iowa,2020-04-21T03:00:50.559Z,Wisconsin,139.9697339086431,30
Iowa State,2020-04-21T03:00:50.559Z,Nebraska,255.54835536204962,30
Kansas,2020-04-21T03:00:50.559Z,Nebraska,164.34913195159692,30
Kansas State,2020-04-21T03:00:50.559Z,Nebraska,140.8057254352731,30
Kent State,2020-04-21T03:00:50.559Z,Ohio State,6.216965721934322,30
Kentucky,2020-04-21T03:00:50.559Z,Georgia Tech,14.37071970499602,30
Liberty,2020-04-21T03:00:50.559Z,Clemson,46.279067692164745,30
Louisiana,2020-04-21T03:00:50.559Z,Texas A&M,87.74498618946339,30
Louisiana Monroe,2020-04-21T03:00:50.559Z,Alabama,2.050618968788311,30
Louisiana Tech,2020-04-21T03:00:50.559Z,Texas,12.38837594141306,30
Louisville,2020-04-21T03:00:50.559Z,Georgia Tech,39.55759465176809,30
LSU,2020-04-21T03:00:50.559Z,Alabama,66.96469234304243,30
Marshall,2020-04-21T03:00:50.559Z,Ohio State,113.99340146309821,30
Maryland,2020-04-21T03:00:50.559Z,Michigan,162.1621777576709,30
Memphis,2020-04-21T03:00:50.559Z,Alabama,20.08691467340011,30
Miami,2020-04-21T03:00:50.559Z,Chaos,175.44973573088654,30
Miami (OH),2020-04-21T03:00:50.559Z,Wisconsin,13.208923974577383,30
Middle Tennessee,2020-04-21T03:00:50.559Z,Georgia Tech,148.74154079342762,30
Minnesota,2020-04-21T03:00:50.560Z,Wisconsin,12.38739991490069,30
Mississippi State,2020-04-21T03:00:50.560Z,Alabama,5.564953262331928,30
Missouri,2020-04-21T03:00:50.560Z,Wisconsin,82.121074832708,30
NC State,2020-04-21T03:00:50.560Z,Chaos,27.387312944133022,30
Nebraska,2020-04-21T03:00:50.560Z,Nebraska,347.65997108357993,30
Nevada,2020-04-21T03:00:50.560Z,Ohio State,349.4904610270894,30
New Mexico,2020-04-21T03:00:50.560Z,Michigan,58.77060885073267,30
North Carolina,2020-04-21T03:00:50.560Z,Clemson,193.9817480859823,30
Northern Illinois,2020-04-21T03:00:50.560Z,Wisconsin,24.546929086212682,30
North Texas,2020-04-21T03:00:50.561Z,Texas A&M,61.61709394429123,30
Northwestern,2020-04-21T03:00:50.561Z,Wisconsin,176.27576589141324,30
Ohio,2020-04-21T03:00:50.561Z,Michigan,114.8715636516362,30
Ohio State,2020-04-21T03:00:50.561Z,Chaos,133.5910226537224,30
Oklahoma,2020-04-21T03:00:50.561Z,Stanford,124.83259761252161,30
Oklahoma State,2020-04-21T03:00:50.561Z,Stanford,242.03729978643602,30
Old Dominion,2020-04-21T03:00:50.561Z,Clemson,78.70088261297607,30
Ole Miss,2020-04-21T03:00:50.561Z,Alabama,50.45870542364865,30
Oregon,2020-04-21T03:00:50.561Z,Ohio State,12.134913430028853,30
Oregon State,2020-04-21T03:00:50.561Z,Michigan,53.772592217239676,30
Penn State,2020-04-21T03:00:50.561Z,Ohio State,34.58252033797308,30
Pittsburgh,2020-04-21T03:00:50.561Z,Ohio State,87.94245088012626,30
Purdue,2020-04-21T03:00:50.561Z,Wisconsin,127.64767943190627,30
Rice,2020-04-21T03:00:50.561Z,Texas A&M,293.09595306840777,30
Rutgers,2020-04-21T03:00:50.561Z,Ohio State,49.865229690345124,30
San Diego State,2020-04-21T03:00:50.561Z,Georgia Tech,595.0554078290787,30
SMU,2020-04-21T03:00:50.561Z,Texas A&M,152.60235735811023,30
South Alabama,2020-04-21T03:00:50.561Z,Alabama,44.872936787305285,30
South Carolina,2020-04-21T03:00:50.561Z,Georgia Tech,102.46158447369183,30
Southern Mississippi,2020-04-21T03:00:50.561Z,Alabama,143.7891340867222,30
Stanford,2020-04-21T03:00:50.561Z,Michigan,74.51970897626354,30
Syracuse,2020-04-21T03:00:50.561Z,Michigan,330.84029585735203,30
TCU,2020-04-21T03:00:50.561Z,Michigan,125.0696837380871,30
Temple,2020-04-21T03:00:50.561Z,Ohio State,157.65826258089498,30
Tennessee,2020-04-21T03:00:50.561Z,Georgia Tech,203.77095960065418,30
Texas,2020-04-21T03:00:50.561Z,Texas,341.6355480367433,30
Texas A&M,2020-04-21T03:00:50.562Z,Texas A&M,185.7518543741323,30
Texas State,2020-04-21T03:00:50.562Z,Texas A&M,24.134695192985223,30
Texas Tech,2020-04-21T03:00:50.562Z,Texas A&M,330.5936048288055,30
Toledo,2020-04-21T03:00:50.562Z,Wisconsin,152.46038302137893,30
Troy,2020-04-21T03:00:50.562Z,Alabama,28.429624540119853,30
Tulane,2020-04-21T03:00:50.562Z,Texas,166.1017937007567,30
Tulsa,2020-04-21T03:00:50.562Z,Wisconsin,180.39559821399826,30
UAB,2020-04-21T03:00:50.562Z,Nebraska,57.170514915480304,30
UCLA,2020-04-21T03:00:50.562Z,Michigan,52.75493812600319,30
UMass,2020-04-21T03:00:50.562Z,Michigan,177.5680730893895,30
UNLV,2020-04-21T03:00:50.562Z,Michigan,187.02048059159668,30
USC,2020-04-21T03:00:50.562Z,Michigan,181.3793515763367,30
Utah,2020-04-21T03:00:50.562Z,Michigan,134.3519795212934,30
Utah State,2020-04-21T03:00:50.562Z,Nebraska,111.49733234807414,30
UT San Antonio,2020-04-21T03:00:50.562Z,Michigan,416.59524682164977,30
Vanderbilt,2020-04-21T03:00:50.562Z,Alabama,117.0356114428856,30
Virginia,2020-04-21T03:00:50.562Z,Ohio State,42.08234976795751,30
Virginia Tech,2020-04-21T03:00:50.562Z,Georgia Tech,76.7811511369484,30
Wake Forest,2020-04-21T03:00:50.562Z,Georgia Tech,25.185460667400598,30
Washington,2020-04-21T03:00:50.562Z,Ohio State,209.96613397146217,30
Washington State,2020-04-21T03:00:50.562Z,Nebraska,113.33122079756869,30
Western Kentucky,2020-04-21T03:00:50.562Z,Georgia Tech,71.1137263655919,30
West Virginia,2020-04-21T03:00:50.562Z,Ohio State,89.45302067208773,30
Wyoming,2020-04-21T03:00:50.562Z,Nebraska,399.2444863369602,30
San José State,2020-04-21T03:00:50.562Z,Michigan,110.91548530191154,30
Hawai'i,2020-04-22T03:00:50.706Z,Chaos,58.525157745107,31
Air Force,2020-04-22T03:00:50.706Z,Texas,90.42949631097795,31
Akron,2020-04-22T03:00:50.706Z,Chaos,39.892182697315825,31
Alabama,2020-04-22T03:00:50.706Z,Alabama,10.97008828816822,31
Appalachian State,2020-04-22T03:00:50.706Z,Georgia Tech,62.57280974718931,31
Arizona State,2020-04-22T03:00:50.706Z,Michigan,318.6237887982386,31
Arkansas,2020-04-22T03:00:50.707Z,Chaos,402.01300345431673,31
Arkansas State,2020-04-22T03:00:50.707Z,Wisconsin,232.59288020500244,31
Army,2020-04-22T03:00:50.707Z,Michigan,379.5660613834477,31
Auburn,2020-04-22T03:00:50.707Z,Georgia Tech,171.59135107231276,31
Baylor,2020-04-22T03:00:50.707Z,Texas,265.72840651203336,31
Boise State,2020-04-22T03:00:50.707Z,Nebraska,8.191722686783372,31
Boston College,2020-04-22T03:00:50.707Z,Michigan,565.4029558821068,31
Bowling Green,2020-04-22T03:00:50.707Z,Wisconsin,43.377625810576674,31
Buffalo,2020-04-22T03:00:50.707Z,Ohio State,0.22309865505554702,31
BYU,2020-04-22T03:00:50.707Z,Ohio State,105.77333208931213,31
California,2020-04-22T03:00:50.707Z,Michigan,66.95922780975968,31
Charlotte,2020-04-22T03:00:50.707Z,Georgia Tech,140.54056798014312,31
Cincinnati,2020-04-22T03:00:50.707Z,Georgia Tech,162.40484883076758,31
Clemson,2020-04-22T03:00:50.707Z,Georgia Tech,45.794416511230644,31
Coastal Carolina,2020-04-22T03:00:50.707Z,Chaos,385.6360140571752,31
Colorado,2020-04-22T03:00:50.707Z,Michigan,55.733955287282555,31
Colorado State,2020-04-22T03:00:50.707Z,Nebraska,2.761984286054982,31
Connecticut,2020-04-22T03:00:50.707Z,Michigan,192.01771813875683,31
Duke,2020-04-22T03:00:50.707Z,Chaos,29.482375875888557,31
East Carolina,2020-04-22T03:00:50.707Z,Clemson,200.11733829330225,31
Florida Atlantic,2020-04-22T03:00:50.707Z,Georgia Tech,187.80828563278794,31
Florida International,2020-04-22T03:00:50.707Z,Chaos,268.1931223104163,31
Florida State,2020-04-22T03:00:50.707Z,Georgia Tech,24.31378266323824,31
Fresno State,2020-04-22T03:00:50.707Z,Ohio State,224.96629182004045,31
Georgia,2020-04-22T03:00:50.707Z,Georgia Tech,125.27716604875188,31
Georgia Southern,2020-04-22T03:00:50.707Z,Georgia Tech,31.29940836590173,31
Georgia State,2020-04-22T03:00:50.707Z,Georgia Tech,54.16097687299017,31
Georgia Tech,2020-04-22T03:00:50.707Z,Georgia Tech,4.155070731150192,31
Houston,2020-04-22T03:00:50.707Z,Texas,210.21635921656002,31
Illinois,2020-04-22T03:00:50.707Z,Wisconsin,168.48438770610417,31
Indiana,2020-04-22T03:00:50.708Z,Georgia Tech,176.92947930788398,31
Iowa,2020-04-22T03:00:50.708Z,Wisconsin,229.18112508147118,31
Iowa State,2020-04-22T03:00:50.708Z,Nebraska,32.11499784189268,31
Kansas,2020-04-22T03:00:50.708Z,Nebraska,142.33983980326772,31
Kansas State,2020-04-22T03:00:50.708Z,Nebraska,3.553409374897289,31
Kent State,2020-04-22T03:00:50.708Z,Michigan,148.71757184360692,31
Kentucky,2020-04-22T03:00:50.708Z,Georgia Tech,45.128373840380526,31
Liberty,2020-04-22T03:00:50.708Z,Georgia Tech,22.815448754033014,31
Louisiana,2020-04-22T03:00:50.708Z,Texas,36.81317053668168,31
Louisiana Monroe,2020-04-22T03:00:50.708Z,Alabama,107.22344654244542,31
Louisiana Tech,2020-04-22T03:00:50.708Z,Texas,146.18413815771342,31
Louisville,2020-04-22T03:00:50.708Z,Georgia Tech,51.0608447877724,31
LSU,2020-04-22T03:00:50.708Z,Alabama,207.51151800227035,31
Marshall,2020-04-22T03:00:50.708Z,Michigan,67.33312744585879,31
Maryland,2020-04-22T03:00:50.708Z,Ohio State,48.357407419125906,31
Memphis,2020-04-22T03:00:50.708Z,Georgia Tech,114.31339523809064,31
Miami,2020-04-22T03:00:50.708Z,Georgia Tech,151.17287972233845,31
Miami (OH),2020-04-22T03:00:50.708Z,Wisconsin,117.27641418606278,31
Middle Tennessee,2020-04-22T03:00:50.708Z,Georgia Tech,40.03233216439926,31
Minnesota,2020-04-22T03:00:50.708Z,Wisconsin,304.8897266137093,31
Missouri,2020-04-22T03:00:50.708Z,Wisconsin,256.3140601562573,31
Navy,2020-04-22T03:00:50.708Z,Ohio State,79.61005619235107,31
NC State,2020-04-22T03:00:50.708Z,Georgia Tech,212.4418935472895,31
Nebraska,2020-04-22T03:00:50.708Z,Nebraska,85.26710581998026,31
Nevada,2020-04-22T03:00:50.708Z,Ohio State,237.49373629119546,31
New Mexico,2020-04-22T03:00:50.708Z,Michigan,291.05865423843017,31
New Mexico State,2020-04-22T03:00:50.708Z,Michigan,254.6337905304666,31
North Carolina,2020-04-22T03:00:50.708Z,Chaos,317.12009103728013,31
North Texas,2020-04-22T03:00:50.708Z,Texas A&M,103.71370427106417,31
Ohio,2020-04-22T03:00:50.710Z,Ohio State,169.05473346595375,31
Ohio State,2020-04-22T03:00:50.710Z,Ohio State,58.28686418685294,31
Oklahoma,2020-04-22T03:00:50.710Z,Stanford,159.65308337664575,31
Oklahoma State,2020-04-22T03:00:50.710Z,Stanford,174.3207657656939,31
Old Dominion,2020-04-22T03:00:50.710Z,Chaos,122.82344964269112,31
Ole Miss,2020-04-22T03:00:50.710Z,Alabama,141.51218589232718,31
Oregon,2020-04-22T03:00:50.710Z,Ohio State,107.49066390956489,31
Oregon State,2020-04-22T03:00:50.710Z,Michigan,129.26672752734248,31
Penn State,2020-04-22T03:00:50.710Z,Michigan,144.69042114219917,31
Rice,2020-04-22T03:00:50.710Z,Texas A&M,18.9055148231014,31
Rutgers,2020-04-22T03:00:50.710Z,Ohio State,9.063042608386317,31
San Diego State,2020-04-22T03:00:50.710Z,Michigan,4.576624531262995,31
SMU,2020-04-22T03:00:50.710Z,Wisconsin,304.73425944171817,31
South Alabama,2020-04-22T03:00:50.710Z,Alabama,18.3542667200699,31
South Carolina,2020-04-22T03:00:50.710Z,Georgia Tech,41.08450169903893,31
Southern Mississippi,2020-04-22T03:00:50.710Z,Texas,48.92917402620462,31
Stanford,2020-04-22T03:00:50.710Z,Ohio State,94.66813410513342,31
Syracuse,2020-04-22T03:00:50.710Z,Ohio State,489.224548391212,31
TCU,2020-04-22T03:00:50.710Z,Texas A&M,191.10545167016986,31
Temple,2020-04-22T03:00:50.710Z,Ohio State,1.373503789582881,31
Tennessee,2020-04-22T03:00:50.710Z,Georgia Tech,43.18886614367046,31
Texas,2020-04-22T03:00:50.710Z,Texas,551.936497360026,31
Texas A&M,2020-04-22T03:00:50.710Z,Texas A&M,126.66223733900767,31
Texas State,2020-04-22T03:00:50.710Z,Texas A&M,87.80647047711659,31
Texas Tech,2020-04-22T03:00:50.710Z,Texas A&M,154.2708645029595,31
Toledo,2020-04-22T03:00:50.710Z,Wisconsin,189.63816681698341,31
Troy,2020-04-22T03:00:50.710Z,Georgia Tech,58.09565289753721,31
Tulane,2020-04-22T03:00:50.710Z,Texas A&M,222.34296101227105,31
Tulsa,2020-04-22T03:00:50.710Z,Stanford,172.47503045716107,31
UAB,2020-04-22T03:00:50.710Z,Alabama,236.25637331854304,31
UCLA,2020-04-22T03:00:50.710Z,Ohio State,225.37469322814474,31
UMass,2020-04-22T03:00:50.710Z,Ohio State,430.7048834286449,31
UNLV,2020-04-22T03:00:50.710Z,Michigan,0.9393445105951971,31
USC,2020-04-22T03:00:50.710Z,Ohio State,279.6717283160474,31
Utah,2020-04-22T03:00:50.710Z,Texas,3.038870344041084,31
Utah State,2020-04-22T03:00:50.710Z,Nebraska,304.17977315889897,31
UTEP,2020-04-22T03:00:50.710Z,Texas A&M,9.864175776104085,31
UT San Antonio,2020-04-22T03:00:50.710Z,Texas A&M,246.61893520410302,31
Vanderbilt,2020-04-22T03:00:50.710Z,Georgia Tech,49.20626900085916,31
Virginia,2020-04-22T03:00:50.710Z,Ohio State,85.6196484644826,31
Virginia Tech,2020-04-22T03:00:50.710Z,Georgia Tech,10.052504928852114,31
Wake Forest,2020-04-22T03:00:50.710Z,Georgia Tech,55.42821186807332,31
Washington,2020-04-22T03:00:50.710Z,Ohio State,213.21614769362108,31
Washington State,2020-04-22T03:00:50.710Z,Nebraska,105.1887836405661,31
Western Kentucky,2020-04-22T03:00:50.710Z,Georgia Tech,27.977625277439145,31
West Virginia,2020-04-22T03:00:50.710Z,Ohio State,63.66603081158443,31
Wyoming,2020-04-22T03:00:50.710Z,Nebraska,13.884891718941981,31
San José State,2020-04-22T03:00:50.710Z,Michigan,47.813427741207306,31
Hawai'i,2020-04-23T03:01:01.275Z,Georgia Tech,50.80846593949568,32
Air Force,2020-04-23T03:01:01.276Z,Nebraska,84.6347887564149,32
Akron,2020-04-23T03:01:01.276Z,Ohio State,33.55325386681354,32
Alabama,2020-04-23T03:01:01.276Z,Alabama,15.288981137589124,32
Arizona,2020-04-23T03:01:01.276Z,Michigan,14.738451592342766,32
Arizona State,2020-04-23T03:01:01.276Z,Ohio State,241.0290910289326,32
Arkansas,2020-04-23T03:01:01.276Z,Stanford,4.272283675362894,32
Arkansas State,2020-04-23T03:01:01.276Z,Georgia Tech,147.57612876512366,32
Army,2020-04-23T03:01:01.276Z,Michigan,287.1406217579152,32
Auburn,2020-04-23T03:01:01.276Z,Alabama,45.14864400152848,32
Ball State,2020-04-23T03:01:01.276Z,Wisconsin,66.30923918855429,32
Baylor,2020-04-23T03:01:01.276Z,Texas,404.2631729165573,32
Boise State,2020-04-23T03:01:01.276Z,Nebraska,242.85960120457602,32
Boston College,2020-04-23T03:01:01.276Z,Michigan,134.73730938470237,32
Bowling Green,2020-04-23T03:01:01.277Z,Wisconsin,19.292300206478792,32
Buffalo,2020-04-23T03:01:01.277Z,Ohio State,9.0869556371022,32
BYU,2020-04-23T03:01:01.277Z,Nebraska,163.97284708234218,32
California,2020-04-23T03:01:01.277Z,Ohio State,9.948115113035062,32
Chaos,2020-04-23T03:01:01.277Z,Michigan,537.3989023509654,32
Charlotte,2020-04-23T03:01:01.277Z,Georgia Tech,31.631510290249818,32
Cincinnati,2020-04-23T03:01:01.277Z,Ohio State,105.48286029021241,32
Clemson,2020-04-23T03:01:01.277Z,Chaos,276.2522422363028,32
Coastal Carolina,2020-04-23T03:01:01.277Z,Georgia Tech,92.14998983783914,32
Colorado,2020-04-23T03:01:01.277Z,Nebraska,60.207582464708814,32
Colorado State,2020-04-23T03:01:01.277Z,Nebraska,10.184676295311046,32
Connecticut,2020-04-23T03:01:01.277Z,Michigan,277.2639483761664,32
Duke,2020-04-23T03:01:01.277Z,Chaos,80.22413100345365,32
East Carolina,2020-04-23T03:01:01.277Z,Chaos,460.03691178384855,32
Florida Atlantic,2020-04-23T03:01:01.277Z,Georgia Tech,96.88883141119989,32
Florida International,2020-04-23T03:01:01.277Z,Georgia Tech,164.94702302645624,32
Florida State,2020-04-23T03:01:01.278Z,Georgia Tech,19.439367763483165,32
Fresno State,2020-04-23T03:01:01.278Z,Michigan,105.1051946449998,32
Georgia State,2020-04-23T03:01:01.278Z,Alabama,3.330057038032246,32
Georgia Tech,2020-04-23T03:01:01.278Z,Georgia Tech,3.106455089203985,32
Houston,2020-04-23T03:01:01.278Z,Wisconsin,28.338100561257328,32
Illinois,2020-04-23T03:01:01.278Z,Georgia Tech,136.55049346135854,32
Indiana,2020-04-23T03:01:01.278Z,Wisconsin,67.01122669404847,32
Iowa,2020-04-23T03:01:01.278Z,Wisconsin,59.750411087664375,32
Iowa State,2020-04-23T03:01:01.278Z,Nebraska,11.710563168598496,32
Kansas,2020-04-23T03:01:01.278Z,Nebraska,53.41777059508983,32
Kansas State,2020-04-23T03:01:01.278Z,Nebraska,7.294710120604045,32
Kent State,2020-04-23T03:01:01.278Z,Michigan,215.85125626510973,32
Kentucky,2020-04-23T03:01:01.278Z,Georgia Tech,138.36790037443143,32
Liberty,2020-04-23T03:01:01.278Z,Georgia Tech,67.47776322172847,32
Louisiana,2020-04-23T03:01:01.278Z,Texas A&M,9.155168140744498,32
Louisiana Monroe,2020-04-23T03:01:01.278Z,Chaos,239.49275489895012,32
Louisiana Tech,2020-04-23T03:01:01.278Z,Wisconsin,37.59812066995121,32
LSU,2020-04-23T03:01:01.278Z,Alabama,224.1195924148404,32
Marshall,2020-04-23T03:01:01.279Z,Georgia Tech,104.09344496547918,32
Maryland,2020-04-23T03:01:01.279Z,Ohio State,58.7605971544456,32
Memphis,2020-04-23T03:01:01.279Z,Georgia Tech,83.3218157470792,32
Miami,2020-04-23T03:01:01.279Z,Georgia Tech,66.76955455853145,32
Miami (OH),2020-04-23T03:01:01.279Z,Ohio State,61.471405358104654,32
Middle Tennessee,2020-04-23T03:01:01.279Z,Alabama,17.578351895095913,32
Minnesota,2020-04-23T03:01:01.279Z,Wisconsin,133.1673738822252,32
Mississippi State,2020-04-23T03:01:01.279Z,Alabama,208.91397008688773,32
Missouri,2020-04-23T03:01:01.279Z,Nebraska,415.3260177446068,32
Navy,2020-04-23T03:01:01.279Z,Ohio State,31.618057920994044,32
NC State,2020-04-23T03:01:01.279Z,Chaos,351.32746555175174,32
Nebraska,2020-04-23T03:01:01.279Z,Nebraska,40.23349620486998,32
Nevada,2020-04-23T03:01:01.279Z,Michigan,154.7569133751584,32
New Mexico,2020-04-23T03:01:01.279Z,Texas A&M,168.206462744759,32
New Mexico State,2020-04-23T03:01:01.279Z,Michigan,836.3111639801691,32
North Carolina,2020-04-23T03:01:01.279Z,Georgia Tech,71.09489283216986,32
North Texas,2020-04-23T03:01:01.279Z,Wisconsin,111.38891932235201,32
Ohio,2020-04-23T03:01:01.281Z,Ohio State,57.897971612759065,32
Ohio State,2020-04-23T03:01:01.281Z,Ohio State,139.90528305947433,32
Oklahoma,2020-04-23T03:01:01.281Z,Stanford,32.1835113351329,32
Oklahoma State,2020-04-23T03:01:01.281Z,Texas A&M,181.78005850103037,32
Old Dominion,2020-04-23T03:01:01.281Z,Clemson,345.4878191328752,32
Ole Miss,2020-04-23T03:01:01.281Z,Alabama,54.92823876047839,32
Oregon,2020-04-23T03:01:01.281Z,Michigan,200.00659641380201,32
Oregon State,2020-04-23T03:01:01.281Z,Michigan,197.47889461470857,32
Penn State,2020-04-23T03:01:01.281Z,Ohio State,132.56580427978716,32
Pittsburgh,2020-04-23T03:01:01.282Z,Michigan,238.98214530373124,32
Purdue,2020-04-23T03:01:01.282Z,Wisconsin,34.16792756631608,32
Rice,2020-04-23T03:01:01.282Z,Texas,169.12091423431517,32
Rutgers,2020-04-23T03:01:01.282Z,Ohio State,53.99128596020021,32
San Diego State,2020-04-23T03:01:01.282Z,Chaos,34.5104081214679,32
SMU,2020-04-23T03:01:01.282Z,Wisconsin,375.9951014758328,32
South Alabama,2020-04-23T03:01:01.282Z,Alabama,200.62135163406424,32
South Carolina,2020-04-23T03:01:01.282Z,Chaos,258.12858168272794,32
Southern Mississippi,2020-04-23T03:01:01.282Z,Alabama,63.42758603319023,32
South Florida,2020-04-23T03:01:01.282Z,Georgia Tech,38.48470092351904,32
Stanford,2020-04-23T03:01:01.282Z,Michigan,87.03111841227141,32
Syracuse,2020-04-23T03:01:01.282Z,Ohio State,414.08863736501075,32
TCU,2020-04-23T03:01:01.282Z,Texas A&M,71.84133072123332,32
Temple,2020-04-23T03:01:01.282Z,Michigan,205.88144276053848,32
Texas,2020-04-23T03:01:01.282Z,Texas A&M,243.59129213872956,32
Texas A&M,2020-04-23T03:01:01.282Z,Texas A&M,187.0413824979504,32
Texas State,2020-04-23T03:01:01.282Z,Texas A&M,36.209712500984786,32
Texas Tech,2020-04-23T03:01:01.282Z,Michigan,385.48178262237457,32
Troy,2020-04-23T03:01:01.282Z,Alabama,4.858573960108168,32
Tulane,2020-04-23T03:01:01.282Z,Alabama,22.49381668073305,32
Tulsa,2020-04-23T03:01:01.282Z,Stanford,87.78367226794614,32
UAB,2020-04-23T03:01:01.282Z,Alabama,17.306767991983122,32
UMass,2020-04-23T03:01:01.282Z,Michigan,411.3489162855408,32
UNLV,2020-04-23T03:01:01.282Z,Ohio State,239.26715495827125,32
USC,2020-04-23T03:01:01.282Z,Ohio State,50.70093347420286,32
Utah,2020-04-23T03:01:01.282Z,Ohio State,264.41529458258003,32
Utah State,2020-04-23T03:01:01.282Z,Nebraska,271.07067932892085,32
UTEP,2020-04-23T03:01:01.282Z,Texas A&M,163.57306346886472,32
UT San Antonio,2020-04-23T03:01:01.282Z,Texas A&M,9.078097650073572,32
Vanderbilt,2020-04-23T03:01:01.282Z,Alabama,52.307843204263776,32
Virginia,2020-04-23T03:01:01.282Z,Chaos,61.97329899948659,32
Virginia Tech,2020-04-23T03:01:01.282Z,Georgia Tech,147.11724361405032,32
Wake Forest,2020-04-23T03:01:01.282Z,Chaos,117.64509250988607,32
Washington,2020-04-23T03:01:01.282Z,Michigan,579.9079835765358,32
Washington State,2020-04-23T03:01:01.282Z,Nebraska,228.28317021333373,32
Western Kentucky,2020-04-23T03:01:01.283Z,Wisconsin,38.32127414083718,32
West Virginia,2020-04-23T03:01:01.283Z,Ohio State,84.80724661284589,32
Wyoming,2020-04-23T03:01:01.283Z,Nebraska,137.68227286892176,32
San José State,2020-04-23T03:01:01.283Z,Michigan,18.471165827448903,32
Hawai'i,2020-04-24T03:00:58.577Z,Georgia Tech,169.2001027782813,33
Air Force,2020-04-24T03:00:58.578Z,Nebraska,37.76095901221716,33
Akron,2020-04-24T03:00:58.578Z,Michigan,33.06910878263669,33
Alabama,2020-04-24T03:00:58.578Z,Alabama,48.89566331215526,33
Appalachian State,2020-04-24T03:00:58.578Z,Georgia Tech,165.02815475415395,33
Arizona,2020-04-24T03:00:58.578Z,Texas A&M,20.476691669286105,33
Arizona State,2020-04-24T03:00:58.578Z,Michigan,11.462954840614184,33
Arkansas,2020-04-24T03:00:58.578Z,Chaos,169.44211136331833,33
Arkansas State,2020-04-24T03:00:58.578Z,Georgia Tech,119.08196594520933,33
Army,2020-04-24T03:00:58.578Z,Michigan,180.55301885595412,33
Ball State,2020-04-24T03:00:58.578Z,Wisconsin,56.16194035850232,33
Baylor,2020-04-24T03:00:58.578Z,Texas A&M,571.5624363551943,33
Boise State,2020-04-24T03:00:58.578Z,Nebraska,120.71032273510512,33
Boston College,2020-04-24T03:00:58.578Z,Michigan,39.61233041082317,33
Bowling Green,2020-04-24T03:00:58.578Z,Ohio State,6.118781127782858,33
Buffalo,2020-04-24T03:00:58.579Z,Ohio State,134.12549996190953,33
BYU,2020-04-24T03:00:58.579Z,Nebraska,15.223742100875723,33
California,2020-04-24T03:00:58.579Z,Michigan,15.933844635056431,33
Charlotte,2020-04-24T03:00:58.579Z,Chaos,189.3137164624946,33
Cincinnati,2020-04-24T03:00:58.579Z,Ohio State,13.128625559815745,33
Clemson,2020-04-24T03:00:58.579Z,Georgia Tech,92.50537895720197,33
Coastal Carolina,2020-04-24T03:00:58.579Z,Georgia Tech,48.477540001244655,33
Colorado,2020-04-24T03:00:58.579Z,Nebraska,80.03868934359494,33
Duke,2020-04-24T03:00:58.579Z,Georgia Tech,314.5082901047101,33
East Carolina,2020-04-24T03:00:58.579Z,Chaos,28.611083696874616,33
Florida,2020-04-24T03:00:58.579Z,Georgia Tech,47.140862961097625,33
Florida State,2020-04-24T03:00:58.580Z,Georgia Tech,14.267834715995237,33
Fresno State,2020-04-24T03:00:58.580Z,Michigan,126.08883250738234,33
Georgia,2020-04-24T03:00:58.580Z,Georgia Tech,284.99246900930166,33
Georgia Southern,2020-04-24T03:00:58.580Z,Georgia Tech,29.34521608996327,33
Georgia State,2020-04-24T03:00:58.580Z,Georgia Tech,134.27022081050734,33
Georgia Tech,2020-04-24T03:00:58.580Z,Alabama,36.957901977583205,33
Houston,2020-04-24T03:00:58.580Z,Texas A&M,525.784296146783,33
Illinois,2020-04-24T03:00:58.580Z,Wisconsin,54.49634009196094,33
Indiana,2020-04-24T03:00:58.580Z,Wisconsin,41.23779002546993,33
Iowa,2020-04-24T03:00:58.580Z,Nebraska,428.86357667773314,33
Iowa State,2020-04-24T03:00:58.580Z,Nebraska,66.56103090288052,33
Kansas,2020-04-24T03:00:58.580Z,Nebraska,4.601224951420864,33
Kansas State,2020-04-24T03:00:58.580Z,Nebraska,7.588240006758486,33
Kent State,2020-04-24T03:00:58.580Z,Ohio State,44.379179732621864,33
Kentucky,2020-04-24T03:00:58.580Z,Georgia Tech,15.08069083663554,33
Liberty,2020-04-24T03:00:58.580Z,Chaos,238.8437539135642,33
Louisiana,2020-04-24T03:00:58.580Z,Chaos,98.68484238807068,33
Louisiana Monroe,2020-04-24T03:00:58.580Z,Alabama,8.361046812502263,33
Louisiana Tech,2020-04-24T03:00:58.580Z,Chaos,64.5992848838745,33
Louisville,2020-04-24T03:00:58.580Z,Georgia Tech,2.44682950626276,33
LSU,2020-04-24T03:00:58.580Z,Alabama,3.5883976052125632,33
Marshall,2020-04-24T03:00:58.580Z,Ohio State,44.994303118178834,33
Maryland,2020-04-24T03:00:58.580Z,Ohio State,385.1404614226852,33
Memphis,2020-04-24T03:00:58.580Z,Alabama,66.53783399213096,33
Miami (OH),2020-04-24T03:00:58.581Z,Ohio State,14.669663217291834,33
Middle Tennessee,2020-04-24T03:00:58.581Z,Alabama,119.23827873584763,33
Minnesota,2020-04-24T03:00:58.581Z,Wisconsin,198.9047088460909,33
Mississippi State,2020-04-24T03:00:58.582Z,Alabama,26.73664523495717,33
Missouri,2020-04-24T03:00:58.582Z,Stanford,99.85775929036986,33
Navy,2020-04-24T03:00:58.582Z,Clemson,69.70327645035478,33
NC State,2020-04-24T03:00:58.582Z,Georgia Tech,78.36797826847672,33
Nebraska,2020-04-24T03:00:58.582Z,Nebraska,216.73294270182032,33
Nevada,2020-04-24T03:00:58.582Z,Nebraska,261.8400396692961,33
New Mexico,2020-04-24T03:00:58.582Z,Texas A&M,176.03289952047788,33
New Mexico State,2020-04-24T03:00:58.582Z,Texas A&M,25.53909359653361,33
North Carolina,2020-04-24T03:00:58.582Z,Georgia Tech,3.008206204926426,33
Northern Illinois,2020-04-24T03:00:58.582Z,Wisconsin,6.39911960227996,33
North Texas,2020-04-24T03:00:58.582Z,Wisconsin,295.6747630157312,33
Northwestern,2020-04-24T03:00:58.582Z,Wisconsin,26.487075717925233,33
Ohio,2020-04-24T03:00:58.582Z,Michigan,137.74642421473595,33
Ohio State,2020-04-24T03:00:58.582Z,Ohio State,25.03648592676588,33
Oklahoma,2020-04-24T03:00:58.582Z,Michigan,314.49627126880085,33
Oklahoma State,2020-04-24T03:00:58.583Z,Nebraska,67.03749878569961,33
Old Dominion,2020-04-24T03:00:58.583Z,Chaos,219.1474045053453,33
Ole Miss,2020-04-24T03:00:58.583Z,Alabama,321.3614409557155,33
Oregon,2020-04-24T03:00:58.583Z,Michigan,192.59785626004899,33
Oregon State,2020-04-24T03:00:58.583Z,Michigan,11.468679078458422,33
Penn State,2020-04-24T03:00:58.583Z,Ohio State,17.2749290427228,33
Pittsburgh,2020-04-24T03:00:58.583Z,Michigan,322.80017792375816,33
Purdue,2020-04-24T03:00:58.583Z,Wisconsin,18.528716142171934,33
Rice,2020-04-24T03:00:58.583Z,Texas,296.37589784554604,33
Rutgers,2020-04-24T03:00:58.583Z,Michigan,439.62331263372266,33
San Diego State,2020-04-24T03:00:58.584Z,Georgia Tech,53.57505898834009,33
SMU,2020-04-24T03:00:58.584Z,Texas,603.1862554975552,33
South Alabama,2020-04-24T03:00:58.584Z,Alabama,31.147130073018392,33
South Carolina,2020-04-24T03:00:58.584Z,Georgia Tech,55.045417088971284,33
Southern Mississippi,2020-04-24T03:00:58.584Z,Chaos,399.6765133352449,33
Stanford,2020-04-24T03:00:58.584Z,Michigan,153.76629388006248,33
Syracuse,2020-04-24T03:00:58.584Z,Ohio State,224.52307774290284,33
TCU,2020-04-24T03:00:58.584Z,Texas A&M,42.4187086624036,33
Temple,2020-04-24T03:00:58.584Z,Ohio State,264.8476033666204,33
Tennessee,2020-04-24T03:00:58.584Z,Chaos,352.10547573715536,33
Texas,2020-04-24T03:00:58.584Z,Texas A&M,548.2932506661173,33
Texas A&M,2020-04-24T03:00:58.584Z,Texas A&M,218.11544573626446,33
Texas Tech,2020-04-24T03:00:58.584Z,Michigan,614.4747143114384,33
Toledo,2020-04-24T03:00:58.584Z,Wisconsin,38.822984892702124,33
Troy,2020-04-24T03:00:58.584Z,Alabama,10.256797920164022,33
Tulane,2020-04-24T03:00:58.584Z,Alabama,2.902746737556858,33
Tulsa,2020-04-24T03:00:58.584Z,Stanford,74.09882591339277,33
UAB,2020-04-24T03:00:58.584Z,Alabama,33.40463690684367,33
UCLA,2020-04-24T03:00:58.584Z,Ohio State,122.87762621780782,33
UMass,2020-04-24T03:00:58.584Z,Michigan,73.8342778220877,33
UNLV,2020-04-24T03:00:58.584Z,Michigan,259.93745232813296,33
USC,2020-04-24T03:00:58.584Z,Chaos,23.622840424623522,33
Utah,2020-04-24T03:00:58.584Z,Nebraska,53.117409640737336,33
Utah State,2020-04-24T03:00:58.584Z,Nebraska,192.04687581161141,33
UTEP,2020-04-24T03:00:58.584Z,Texas A&M,178.67295471883335,33
UT San Antonio,2020-04-24T03:00:58.584Z,Texas A&M,479.4558768154504,33
Vanderbilt,2020-04-24T03:00:58.584Z,Alabama,177.62046530036085,33
Virginia,2020-04-24T03:00:58.584Z,Chaos,159.61836779878425,33
Virginia Tech,2020-04-24T03:00:58.584Z,Chaos,43.63872022195653,33
Wake Forest,2020-04-24T03:00:58.584Z,Georgia Tech,90.47978167928956,33
Washington,2020-04-24T03:00:58.584Z,Nebraska,47.17688184324888,33
Washington State,2020-04-24T03:00:58.584Z,Nebraska,88.67240965282599,33
Western Kentucky,2020-04-24T03:00:58.584Z,Georgia Tech,22.05375999135655,33
West Virginia,2020-04-24T03:00:58.584Z,Ohio State,85.4426339361995,33
Wyoming,2020-04-24T03:00:58.584Z,Nebraska,54.469901867943825,33
San José State,2020-04-24T03:00:58.584Z,Michigan,195.7593152537016,33
Air Force,2020-04-25T03:38:23.295Z,Nebraska,98.51586860854991,34
Akron,2020-04-25T03:38:23.295Z,Michigan,398.441599178482,34
Appalachian State,2020-04-25T03:38:23.295Z,Georgia Tech,19.02978351649634,34
Arizona,2020-04-25T03:38:23.295Z,Texas A&M,7.334392543343078,34
Arizona State,2020-04-25T03:38:23.295Z,Michigan,77.1635674884963,34
Arkansas,2020-04-25T03:38:23.295Z,Texas,144.37205737060282,34
Arkansas State,2020-04-25T03:38:23.295Z,Stanford,7.257156227048033,34
Army,2020-04-25T03:38:23.295Z,Ohio State,599.5770264989688,34
Auburn,2020-04-25T03:38:23.295Z,Georgia Tech,45.458667565452075,34
Ball State,2020-04-25T03:38:23.295Z,Wisconsin,34.063262101272485,34
Baylor,2020-04-25T03:38:23.295Z,Texas,399.6276689249383,34
Boise State,2020-04-25T03:38:23.295Z,Nebraska,30.185233979945654,34
Boston College,2020-04-25T03:38:23.295Z,Michigan,383.08298572226437,34
Bowling Green,2020-04-25T03:38:23.295Z,Ohio State,144.3370830588636,34
Buffalo,2020-04-25T03:38:23.295Z,Ohio State,329.6424206260127,34
BYU,2020-04-25T03:38:23.295Z,Nebraska,141.99613853378293,34
California,2020-04-25T03:38:23.295Z,Michigan,0.30897919510099703,34
Chaos,2020-04-25T03:38:23.295Z,Michigan,79.1296140568516,34
Charlotte,2020-04-25T03:38:23.295Z,Georgia Tech,2.799904815807408,34
Cincinnati,2020-04-25T03:38:23.295Z,Ohio State,104.70502856580492,34
Clemson,2020-04-25T03:38:23.295Z,Chaos,388.53075032446577,34
Coastal Carolina,2020-04-25T03:38:23.295Z,Georgia Tech,96.21173325885201,34
Duke,2020-04-25T03:38:23.295Z,Georgia Tech,25.61362703248627,34
East Carolina,2020-04-25T03:38:23.295Z,Georgia Tech,52.80952339773354,34
Florida State,2020-04-25T03:38:23.295Z,Georgia Tech,3.3049547951884852,34
Fresno State,2020-04-25T03:38:23.295Z,Michigan,18.405127773813035,34
Georgia,2020-04-25T03:38:23.295Z,Georgia Tech,195.65164148142833,34
Georgia State,2020-04-25T03:38:23.295Z,Georgia Tech,24.794785540208935,34
Georgia Tech,2020-04-25T03:38:23.295Z,Georgia Tech,348.39466267993095,34
Houston,2020-04-25T03:38:23.295Z,Texas,468.0363150287739,34
Illinois,2020-04-25T03:38:23.295Z,Wisconsin,193.33046926591697,34
Indiana,2020-04-25T03:38:23.295Z,Wisconsin,10.248465866272872,34
Iowa,2020-04-25T03:38:23.295Z,Wisconsin,128.56964359475057,34
Iowa State,2020-04-25T03:38:23.295Z,Nebraska,41.60958562560758,34
Kansas,2020-04-25T03:38:23.295Z,Nebraska,101.71842147508188,34
Kent State,2020-04-25T03:38:23.295Z,Ohio State,169.44071387187594,34
Kentucky,2020-04-25T03:38:23.295Z,Wisconsin,97.14312342818239,34
Liberty,2020-04-25T03:38:23.295Z,Ohio State,28.89831645299076,34
Louisiana,2020-04-25T03:38:23.295Z,Alabama,37.55043224082151,34
Louisiana Monroe,2020-04-25T03:38:23.295Z,Alabama,37.37565286961531,34
Louisiana Tech,2020-04-25T03:38:23.295Z,Texas,61.86032296706465,34
Louisville,2020-04-25T03:38:23.295Z,Chaos,22.98449253369677,34
LSU,2020-04-25T03:38:23.295Z,Alabama,194.70097330737866,34
Marshall,2020-04-25T03:38:23.295Z,Michigan,84.27762585341455,34
Maryland,2020-04-25T03:38:23.295Z,Chaos,76.49107435469239,34
Memphis,2020-04-25T03:38:23.295Z,Stanford,15.969285211683067,34
Miami (OH),2020-04-25T03:38:23.295Z,Ohio State,14.581585454994295,34
Middle Tennessee,2020-04-25T03:38:23.295Z,Alabama,116.19172615579069,34
Minnesota,2020-04-25T03:38:23.295Z,Wisconsin,291.21116922413086,34
Mississippi State,2020-04-25T03:38:23.295Z,Alabama,185.8440943273862,34
Missouri,2020-04-25T03:38:23.296Z,Wisconsin,149.47115384376582,34
Navy,2020-04-25T03:38:23.296Z,Chaos,223.34097703669462,34
NC State,2020-04-25T03:38:23.296Z,Georgia Tech,47.8032540104977,34
Nebraska,2020-04-25T03:38:23.296Z,Nebraska,133.50322654852835,34
Nevada,2020-04-25T03:38:23.296Z,Nebraska,14.443738192006698,34
New Mexico,2020-04-25T03:38:23.296Z,Texas A&M,93.48357758933484,34
New Mexico State,2020-04-25T03:38:23.296Z,Texas A&M,185.05873333846048,34
North Carolina,2020-04-25T03:38:23.296Z,Georgia Tech,12.696095522872014,34
Northern Illinois,2020-04-25T03:38:23.296Z,Wisconsin,178.7197220310829,34
North Texas,2020-04-25T03:38:23.296Z,Michigan,394.49863920733446,34
Ohio,2020-04-25T03:38:23.296Z,Michigan,238.45039928834245,34
Ohio State,2020-04-25T03:38:23.296Z,Michigan,256.0577154848771,34
Oklahoma,2020-04-25T03:38:23.296Z,Michigan,327.51910316069853,34
Oklahoma State,2020-04-25T03:38:23.296Z,Nebraska,102.02948223349507,34
Old Dominion,2020-04-25T03:38:23.296Z,Chaos,66.9044627250006,34
Ole Miss,2020-04-25T03:38:23.296Z,Alabama,200.3712484360413,34
Oregon,2020-04-25T03:38:23.296Z,Michigan,26.188869130689056,34
Oregon State,2020-04-25T03:38:23.296Z,Michigan,12.202187327341663,34
Penn State,2020-04-25T03:38:23.296Z,Michigan,418.3875317628706,34
Pittsburgh,2020-04-25T03:38:23.296Z,Michigan,410.76274320226673,34
Rice,2020-04-25T03:38:23.296Z,Texas,460.0272139264338,34
Rutgers,2020-04-25T03:38:23.296Z,Michigan,246.66006642372503,34
San Diego State,2020-04-25T03:38:23.296Z,Chaos,135.7840686102204,34
SMU,2020-04-25T03:38:23.296Z,Texas,416.464446092194,34
South Alabama,2020-04-25T03:38:23.296Z,Georgia Tech,263.86200150208293,34
Southern Mississippi,2020-04-25T03:38:23.296Z,Alabama,123.94391703953605,34
Stanford,2020-04-25T03:38:23.296Z,Michigan,390.43042812196774,34
Syracuse,2020-04-25T03:38:23.296Z,Ohio State,250.02888896621718,34
TCU,2020-04-25T03:38:23.296Z,Texas A&M,189.01402384826514,34
Temple,2020-04-25T03:38:23.296Z,Ohio State,88.86204599953231,34
Tennessee,2020-04-25T03:38:23.296Z,Alabama,452.0610667146512,34
Texas,2020-04-25T03:38:23.296Z,Texas A&M,377.89876749976713,34
Texas A&M,2020-04-25T03:38:23.296Z,Texas A&M,152.8555557769343,34
Texas Tech,2020-04-25T03:38:23.296Z,Wisconsin,329.1256013284566,34
Toledo,2020-04-25T03:38:23.296Z,Wisconsin,73.63150550835758,34
Troy,2020-04-25T03:38:23.296Z,Georgia Tech,42.35114425949599,34
Tulane,2020-04-25T03:38:23.296Z,Alabama,98.47158365382698,34
Tulsa,2020-04-25T03:38:23.296Z,Wisconsin,280.97577489095914,34
UAB,2020-04-25T03:38:23.297Z,Alabama,38.625787178230425,34
UCLA,2020-04-25T03:38:23.297Z,Ohio State,45.73698697024619,34
UMass,2020-04-25T03:38:23.297Z,Michigan,224.00195087246288,34
UNLV,2020-04-25T03:38:23.297Z,Chaos,266.2206242457748,34
USC,2020-04-25T03:38:23.297Z,Ohio State,146.19519642867158,34
Utah,2020-04-25T03:38:23.297Z,Nebraska,25.914504435127007,34
UTEP,2020-04-25T03:38:23.297Z,Texas A&M,141.26457701225365,34
UT San Antonio,2020-04-25T03:38:23.297Z,Texas A&M,6.08829727569826,34
Vanderbilt,2020-04-25T03:38:23.297Z,Alabama,113.79965063163006,34
Virginia,2020-04-25T03:38:23.297Z,Ohio State,15.397799163216938,34
Virginia Tech,2020-04-25T03:38:23.297Z,Ohio State,126.44593298287289,34
Wake Forest,2020-04-25T03:38:23.297Z,Georgia Tech,65.70712999179261,34
Washington,2020-04-25T03:38:23.297Z,Nebraska,45.53622283639239,34
Washington State,2020-04-25T03:38:23.297Z,Nebraska,52.40733347178691,34
Western Kentucky,2020-04-25T03:38:23.297Z,Stanford,91.26031363852098,34
West Virginia,2020-04-25T03:38:23.297Z,Michigan,328.2051739926614,34
Wisconsin,2020-04-25T03:38:23.297Z,Wisconsin,4.217046927647257,34
Wyoming,2020-04-25T03:38:23.297Z,Nebraska,7.217359623034439,34
San José State,2020-04-25T03:38:23.297Z,Nebraska,11.937346038779394,34
Hawai'i,2020-04-26T03:00:05.119Z,Chaos,325.3376337093677,35
Air Force,2020-04-26T03:00:05.119Z,Nebraska,111.84545904524218,35
Akron,2020-04-26T03:00:05.119Z,Michigan,30.615993086971933,35
Alabama,2020-04-26T03:00:05.119Z,Alabama,10.042932227982913,35
Appalachian State,2020-04-26T03:00:05.119Z,Chaos,268.7584023105029,35
Arizona,2020-04-26T03:00:05.119Z,Michigan,601.5178532130838,35
Arizona State,2020-04-26T03:00:05.119Z,Michigan,461.1158045463947,35
Arkansas,2020-04-26T03:00:05.119Z,Alabama,340.41244543980446,35
Arkansas State,2020-04-26T03:00:05.119Z,Stanford,56.550316370488325,35
Army,2020-04-26T03:00:05.119Z,Ohio State,367.6072065993066,35
Auburn,2020-04-26T03:00:05.119Z,Alabama,27.489492577441442,35
Ball State,2020-04-26T03:00:05.119Z,Wisconsin,100.6886238084994,35
Baylor,2020-04-26T03:00:05.119Z,Texas,478.2563048812425,35
Boise State,2020-04-26T03:00:05.119Z,Michigan,15.830270557237291,35
Boston College,2020-04-26T03:00:05.119Z,Michigan,151.464677315785,35
Bowling Green,2020-04-26T03:00:05.119Z,Michigan,116.11035802314007,35
Buffalo,2020-04-26T03:00:05.119Z,Michigan,395.53037246382667,35
BYU,2020-04-26T03:00:05.119Z,Chaos,463.37045979256953,35
California,2020-04-26T03:00:05.119Z,Michigan,2.475705756229207,35
Chaos,2020-04-26T03:00:05.119Z,Michigan,3.068234249706962,35
Charlotte,2020-04-26T03:00:05.119Z,Georgia Tech,211.04567871213365,35
Cincinnati,2020-04-26T03:00:05.119Z,Ohio State,5.302431410071621,35
Clemson,2020-04-26T03:00:05.119Z,Georgia Tech,48.14270257746549,35
Coastal Carolina,2020-04-26T03:00:05.119Z,Georgia Tech,63.337565362164426,35
Connecticut,2020-04-26T03:00:05.119Z,Michigan,140.13789510279648,35
Duke,2020-04-26T03:00:05.119Z,Georgia Tech,24.655186218966012,35
East Carolina,2020-04-26T03:00:05.119Z,Georgia Tech,36.04211106438003,35
Fresno State,2020-04-26T03:00:05.119Z,Ohio State,423.9612025196927,35
Georgia,2020-04-26T03:00:05.120Z,Chaos,390.0698072541107,35
Georgia State,2020-04-26T03:00:05.120Z,Georgia Tech,7.748037734764129,35
Georgia Tech,2020-04-26T03:00:05.120Z,Georgia Tech,29.36396834569845,35
Houston,2020-04-26T03:00:05.120Z,Texas,43.246013009538835,35
Illinois,2020-04-26T03:00:05.120Z,Wisconsin,36.51323110469007,35
Indiana,2020-04-26T03:00:05.120Z,Wisconsin,180.38898320779992,35
Iowa,2020-04-26T03:00:05.120Z,Wisconsin,61.41804184838873,35
Iowa State,2020-04-26T03:00:05.120Z,Nebraska,178.95556955896436,35
Kansas,2020-04-26T03:00:05.120Z,Nebraska,222.26214264776988,35
Kent State,2020-04-26T03:00:05.120Z,Ohio State,112.21690179082175,35
Kentucky,2020-04-26T03:00:05.120Z,Wisconsin,125.73992045583763,35
Liberty,2020-04-26T03:00:05.120Z,Michigan,277.3003573781596,35
Louisiana,2020-04-26T03:00:05.120Z,Alabama,172.37674021831154,35
Louisiana Monroe,2020-04-26T03:00:05.120Z,Alabama,115.25146534394385,35
Louisiana Tech,2020-04-26T03:00:05.120Z,Texas,336.4664474334805,35
Louisville,2020-04-26T03:00:05.120Z,Stanford,180.64528452730636,35
Marshall,2020-04-26T03:00:05.120Z,Wisconsin,39.57029791265345,35
Maryland,2020-04-26T03:00:05.120Z,Michigan,0.10700364257553101,35
Memphis,2020-04-26T03:00:05.120Z,Stanford,75.78818585462226,35
Miami (OH),2020-04-26T03:00:05.120Z,Ohio State,92.96027082864109,35
Middle Tennessee,2020-04-26T03:00:05.120Z,Georgia Tech,220.97439881853748,35
Minnesota,2020-04-26T03:00:05.120Z,Wisconsin,212.5125249848921,35
Mississippi State,2020-04-26T03:00:05.120Z,Alabama,17.45081875568794,35
Missouri,2020-04-26T03:00:05.120Z,Nebraska,426.8111655085999,35
Navy,2020-04-26T03:00:05.120Z,Ohio State,128.88552682907988,35
Nebraska,2020-04-26T03:00:05.120Z,Nebraska,242.44409813699397,35
Nevada,2020-04-26T03:00:05.120Z,Michigan,274.76593496832845,35
New Mexico,2020-04-26T03:00:05.120Z,Nebraska,41.64027488381344,35
New Mexico State,2020-04-26T03:00:05.120Z,Texas A&M,13.495024211212312,35
North Carolina,2020-04-26T03:00:05.120Z,Georgia Tech,10.955576107892977,35
North Texas,2020-04-26T03:00:05.120Z,Michigan,200.3128721208414,35
Ohio,2020-04-26T03:00:05.120Z,Ohio State,262.1861664052593,35
Ohio State,2020-04-26T03:00:05.120Z,Ohio State,163.60663486546443,35
Oklahoma,2020-04-26T03:00:05.120Z,Michigan,235.15951806224797,35
Oklahoma State,2020-04-26T03:00:05.120Z,Nebraska,218.66906022310852,35
Old Dominion,2020-04-26T03:00:05.120Z,Ohio State,74.30484680557727,35
Ole Miss,2020-04-26T03:00:05.120Z,Alabama,1.580885701828653,35
Oregon,2020-04-26T03:00:05.120Z,Michigan,12.728401284256192,35
Oregon State,2020-04-26T03:00:05.121Z,Michigan,10.709403811270615,35
Penn State,2020-04-26T03:00:05.121Z,Ohio State,284.39873617916953,35
Pittsburgh,2020-04-26T03:00:05.121Z,Michigan,391.7707388698072,35
Rice,2020-04-26T03:00:05.121Z,Texas A&M,436.4662710558814,35
Rutgers,2020-04-26T03:00:05.121Z,Michigan,49.331466198705826,35
San Diego State,2020-04-26T03:00:05.121Z,Georgia Tech,156.93562762944944,35
SMU,2020-04-26T03:00:05.121Z,Wisconsin,18.30951585526565,35
South Alabama,2020-04-26T03:00:05.121Z,Alabama,30.633601054721257,35
South Carolina,2020-04-26T03:00:05.121Z,Georgia Tech,69.9107543328006,35
Southern Mississippi,2020-04-26T03:00:05.121Z,Georgia Tech,150.74349900616502,35
Stanford,2020-04-26T03:00:05.121Z,Michigan,24.09833367821261,35
Syracuse,2020-04-26T03:00:05.121Z,Ohio State,174.13384795503717,35
TCU,2020-04-26T03:00:05.121Z,Texas A&M,41.12841691649716,35
Temple,2020-04-26T03:00:05.121Z,Ohio State,79.8544580522687,35
Tennessee,2020-04-26T03:00:05.121Z,Chaos,287.55056182203674,35
Texas,2020-04-26T03:00:05.121Z,Texas A&M,464.34980244137756,35
Texas A&M,2020-04-26T03:00:05.121Z,Texas A&M,33.508903938166426,35
Texas Tech,2020-04-26T03:00:05.121Z,Wisconsin,157.29610613616094,35
Toledo,2020-04-26T03:00:05.121Z,Wisconsin,55.72951298420521,35
Tulsa,2020-04-26T03:00:05.121Z,Texas,307.1382447480131,35
UAB,2020-04-26T03:00:05.121Z,Alabama,24.475283709622644,35
UCLA,2020-04-26T03:00:05.121Z,Ohio State,15.434349268066706,35
UMass,2020-04-26T03:00:05.121Z,Ohio State,302.9519777780737,35
UNLV,2020-04-26T03:00:05.121Z,Ohio State,20.898077263197532,35
USC,2020-04-26T03:00:05.121Z,Michigan,229.66474797830418,35
Utah,2020-04-26T03:00:05.122Z,Texas A&M,189.8240368338722,35
UTEP,2020-04-26T03:00:05.122Z,Texas A&M,40.554569203990624,35
UT San Antonio,2020-04-26T03:00:05.122Z,Texas A&M,145.3646796435185,35
Vanderbilt,2020-04-26T03:00:05.122Z,Alabama,38.39722172014324,35
Virginia,2020-04-26T03:00:05.122Z,Michigan,151.27378934034093,35
Virginia Tech,2020-04-26T03:00:05.122Z,Michigan,137.77854166780108,35
Wake Forest,2020-04-26T03:00:05.122Z,Georgia Tech,17.32163829921042,35
Washington,2020-04-26T03:00:05.122Z,Nebraska,2.979431979331306,35
Washington State,2020-04-26T03:00:05.122Z,Nebraska,17.27397317295309,35
Western Kentucky,2020-04-26T03:00:05.122Z,Chaos,263.98757277344043,35
West Virginia,2020-04-26T03:00:05.122Z,Michigan,115.11576275944392,35
Wyoming,2020-04-26T03:00:05.122Z,Nebraska,171.72353713216637,35
San José State,2020-04-26T03:00:05.122Z,Michigan,24.671785621284968,35
Hawai'i,2020-04-27T03:00:04.192Z,Georgia Tech,229.7146614943087,36
Air Force,2020-04-27T03:00:04.192Z,Nebraska,114.68326482753736,36
Akron,2020-04-27T03:00:04.193Z,Ohio State,382.6695350719392,36
Alabama,2020-04-27T03:00:04.193Z,Alabama,7.069011696294205,36
Appalachian State,2020-04-27T03:00:04.193Z,Georgia Tech,102.73853293378835,36
Arizona,2020-04-27T03:00:04.193Z,Michigan,505.45181899052017,36
Arizona State,2020-04-27T03:00:04.193Z,Michigan,376.06105773833644,36
Arkansas,2020-04-27T03:00:04.193Z,Texas,214.82661111258415,36
Arkansas State,2020-04-27T03:00:04.193Z,Nebraska,33.77949428554112,36
Army,2020-04-27T03:00:04.193Z,Michigan,460.1515775593631,36
Auburn,2020-04-27T03:00:04.193Z,Alabama,0.95137587789192,36
Ball State,2020-04-27T03:00:04.193Z,Wisconsin,91.02861510670874,36
Baylor,2020-04-27T03:00:04.193Z,Texas,601.5034085825979,36
Boise State,2020-04-27T03:00:04.193Z,Nebraska,14.365641620704332,36
Boston College,2020-04-27T03:00:04.193Z,Michigan,147.2615563202176,36
Bowling Green,2020-04-27T03:00:04.193Z,Michigan,84.94323282771299,36
Buffalo,2020-04-27T03:00:04.193Z,Ohio State,201.54091945126578,36
BYU,2020-04-27T03:00:04.193Z,Nebraska,176.65122690094526,36
Chaos,2020-04-27T03:00:04.194Z,Nebraska,66.01313566459463,36
Charlotte,2020-04-27T03:00:04.194Z,Georgia Tech,63.49954702647569,36
Cincinnati,2020-04-27T03:00:04.194Z,Wisconsin,26.01672334210325,36
Clemson,2020-04-27T03:00:04.194Z,Chaos,308.3372448329802,36
Colorado,2020-04-27T03:00:04.194Z,Texas A&M,134.88241647928115,36
Connecticut,2020-04-27T03:00:04.194Z,Michigan,175.2456023078912,36
Duke,2020-04-27T03:00:04.194Z,Ohio State,50.76707422981031,36
East Carolina,2020-04-27T03:00:04.194Z,Georgia Tech,16.850693697881507,36
Florida State,2020-04-27T03:00:04.194Z,Georgia Tech,33.13976051838435,36
Fresno State,2020-04-27T03:00:04.194Z,Michigan,406.526653482838,36
Georgia,2020-04-27T03:00:04.194Z,Georgia Tech,40.477755618406434,36
Georgia Southern,2020-04-27T03:00:04.194Z,Georgia Tech,235.06538179618445,36
Georgia State,2020-04-27T03:00:04.194Z,Georgia Tech,131.56518676827466,36
Georgia Tech,2020-04-27T03:00:04.194Z,Georgia Tech,85.66216846252404,36
Houston,2020-04-27T03:00:04.194Z,Texas A&M,299.70310674059795,36
Illinois,2020-04-27T03:00:04.194Z,Wisconsin,6.1893835000578115,36
Indiana,2020-04-27T03:00:04.194Z,Wisconsin,77.52220756667069,36
Iowa,2020-04-27T03:00:04.195Z,Wisconsin,75.84088017768897,36
Iowa State,2020-04-27T03:00:04.195Z,Nebraska,107.55347936250946,36
Kansas,2020-04-27T03:00:04.195Z,Texas,39.620734249543744,36
Kent State,2020-04-27T03:00:04.195Z,Ohio State,63.22365016995756,36
Kentucky,2020-04-27T03:00:04.195Z,Chaos,140.31884641197323,36
Liberty,2020-04-27T03:00:04.195Z,Michigan,116.0748059904764,36
Louisiana,2020-04-27T03:00:04.195Z,Alabama,76.55036510862085,36
Louisiana Monroe,2020-04-27T03:00:04.195Z,Georgia Tech,109.47792736826338,36
Louisiana Tech,2020-04-27T03:00:04.195Z,Alabama,115.42282856114737,36
Louisville,2020-04-27T03:00:04.195Z,Chaos,8.830825339615476,36
LSU,2020-04-27T03:00:04.195Z,Alabama,13.01382500292185,36
Marshall,2020-04-27T03:00:04.195Z,Wisconsin,114.6987307637065,36
Maryland,2020-04-27T03:00:04.195Z,Michigan,267.4914027749437,36
Memphis,2020-04-27T03:00:04.195Z,Chaos,334.72828513628167,36
Miami,2020-04-27T03:00:04.195Z,Chaos,317.8814657562515,36
Miami (OH),2020-04-27T03:00:04.195Z,Michigan,6.182807427175736,36
Middle Tennessee,2020-04-27T03:00:04.195Z,Georgia Tech,18.910167148416157,36
Minnesota,2020-04-27T03:00:04.195Z,Wisconsin,135.45837630870048,36
Mississippi State,2020-04-27T03:00:04.195Z,Georgia Tech,17.706897729354143,36
Missouri,2020-04-27T03:00:04.196Z,Texas,385.5165761732037,36
Navy,2020-04-27T03:00:04.196Z,Ohio State,160.08810629971006,36
Nebraska,2020-04-27T03:00:04.196Z,Nebraska,247.52395379907009,36
Nevada,2020-04-27T03:00:04.196Z,Michigan,62.30962196021862,36
New Mexico,2020-04-27T03:00:04.196Z,Texas A&M,242.40975861747336,36
New Mexico State,2020-04-27T03:00:04.197Z,Texas A&M,384.24787430270555,36
North Carolina,2020-04-27T03:00:04.197Z,Georgia Tech,10.627671245949973,36
North Texas,2020-04-27T03:00:04.197Z,Wisconsin,169.10762515054785,36
Ohio,2020-04-27T03:00:04.197Z,Ohio State,75.15994343076532,36
Ohio State,2020-04-27T03:00:04.197Z,Ohio State,293.3225778358972,36
Oklahoma,2020-04-27T03:00:04.197Z,Wisconsin,251.1248475572627,36
Oklahoma State,2020-04-27T03:00:04.197Z,Nebraska,196.21306766015263,36
Old Dominion,2020-04-27T03:00:04.198Z,Michigan,2.986436795782536,36
Ole Miss,2020-04-27T03:00:04.198Z,Stanford,35.609698358364206,36
Oregon State,2020-04-27T03:00:04.198Z,Nebraska,46.628877102448,36
Penn State,2020-04-27T03:00:04.198Z,Ohio State,83.30790586286984,36
Pittsburgh,2020-04-27T03:00:04.198Z,Michigan,314.62772257762083,36
Rice,2020-04-27T03:00:04.198Z,Texas A&M,340.0553611381174,36
Rutgers,2020-04-27T03:00:04.198Z,Ohio State,244.71553807410538,36
San Diego State,2020-04-27T03:00:04.198Z,Georgia Tech,8.223349689592672,36
SMU,2020-04-27T03:00:04.198Z,Michigan,405.4496672172465,36
South Alabama,2020-04-27T03:00:04.198Z,Alabama,0.674810011585793,36
South Carolina,2020-04-27T03:00:04.198Z,Georgia Tech,99.63516239009115,36
Southern Mississippi,2020-04-27T03:00:04.198Z,Georgia Tech,11.728121226603434,36
Stanford,2020-04-27T03:00:04.198Z,Michigan,328.8931595284777,36
Syracuse,2020-04-27T03:00:04.198Z,Michigan,423.00149891092104,36
TCU,2020-04-27T03:00:04.198Z,Michigan,688.3521518300299,36
Temple,2020-04-27T03:00:04.198Z,Michigan,245.54937333369878,36
Tennessee,2020-04-27T03:00:04.198Z,Georgia Tech,119.51906436122782,36
Texas,2020-04-27T03:00:04.198Z,Texas A&M,104.00197170228235,36
Texas A&M,2020-04-27T03:00:04.198Z,Texas A&M,306.0311909334635,36
Texas Tech,2020-04-27T03:00:04.198Z,Wisconsin,182.56230266310868,36
Toledo,2020-04-27T03:00:04.198Z,Wisconsin,144.14055503758897,36
Troy,2020-04-27T03:00:04.198Z,Alabama,3.528487314892326,36
Tulane,2020-04-27T03:00:04.198Z,Georgia Tech,10.180679346032923,36
Tulsa,2020-04-27T03:00:04.198Z,Texas,98.54458914269703,36
UAB,2020-04-27T03:00:04.198Z,Alabama,12.957325404238693,36
UCLA,2020-04-27T03:00:04.198Z,Michigan,248.67461942835956,36
UMass,2020-04-27T03:00:04.198Z,Ohio State,197.81410314822685,36
UNLV,2020-04-27T03:00:04.198Z,Michigan,449.6108493023776,36
USC,2020-04-27T03:00:04.198Z,Michigan,96.7698862027124,36
Utah,2020-04-27T03:00:04.198Z,Nebraska,109.0561579652882,36
Utah State,2020-04-27T03:00:04.198Z,Nebraska,193.96552141660942,36
UTEP,2020-04-27T03:00:04.198Z,Texas A&M,2.311027361518395,36
Vanderbilt,2020-04-27T03:00:04.198Z,Chaos,481.4306447261754,36
Virginia,2020-04-27T03:00:04.198Z,Ohio State,40.94484474804334,36
Virginia Tech,2020-04-27T03:00:04.198Z,Michigan,377.1853123107899,36
Wake Forest,2020-04-27T03:00:04.198Z,Georgia Tech,47.409285115568395,36
Washington,2020-04-27T03:00:04.198Z,Michigan,24.30277410054444,36
Washington State,2020-04-27T03:00:04.198Z,Michigan,33.9349838502867,36
Western Kentucky,2020-04-27T03:00:04.198Z,Nebraska,7.372971062938063,36
West Virginia,2020-04-27T03:00:04.199Z,Ohio State,112.84729891829318,36
Wyoming,2020-04-27T03:00:04.199Z,Nebraska,52.91071339570048,36
San José State,2020-04-27T03:00:04.199Z,Michigan,254.30330806442234,36
Hawai'i,2020-04-28T03:00:46.979Z,Chaos,50.86359805408035,37
Air Force,2020-04-28T03:00:46.979Z,Texas A&M,154.41664893983,37
Akron,2020-04-28T03:00:46.979Z,Michigan,6.836170445132093,37
Alabama,2020-04-28T03:00:46.979Z,Chaos,241.4288905367354,37
Appalachian State,2020-04-28T03:00:46.979Z,Chaos,165.23474241892106,37
Arizona,2020-04-28T03:00:46.979Z,Michigan,267.9065736238694,37
Arizona State,2020-04-28T03:00:46.979Z,Georgia Tech,275.6125336003158,37
Arkansas,2020-04-28T03:00:46.980Z,Alabama,255.28283043774567,37
Arkansas State,2020-04-28T03:00:46.980Z,Chaos,374.5776692305612,37
Army,2020-04-28T03:00:46.980Z,Michigan,610.2811377283118,37
Auburn,2020-04-28T03:00:46.980Z,Alabama,158.164391644448,37
Ball State,2020-04-28T03:00:46.980Z,Michigan,434.4351476832163,37
Baylor,2020-04-28T03:00:46.980Z,Texas A&M,54.087767988351004,37
Boise State,2020-04-28T03:00:46.980Z,Nebraska,0.900832723656058,37
Boston College,2020-04-28T03:00:46.980Z,Michigan,864.8756988417867,37
Bowling Green,2020-04-28T03:00:46.980Z,Michigan,108.19885742524042,37
Buffalo,2020-04-28T03:00:46.980Z,Michigan,439.0488420869915,37
Chaos,2020-04-28T03:00:46.980Z,Michigan,17.486359833754268,37
Charlotte,2020-04-28T03:00:46.980Z,Chaos,188.64984357326554,37
Cincinnati,2020-04-28T03:00:46.980Z,Ohio State,108.31025849616769,37
Clemson,2020-04-28T03:00:46.980Z,Georgia Tech,112.46144106890263,37
Coastal Carolina,2020-04-28T03:00:46.980Z,Chaos,90.63864464514766,37
Colorado,2020-04-28T03:00:46.980Z,Nebraska,55.39926027221643,37
Colorado State,2020-04-28T03:00:46.980Z,Nebraska,2.270974964415684,37
Connecticut,2020-04-28T03:00:46.980Z,Michigan,617.2312292457043,37
Duke,2020-04-28T03:00:46.980Z,Georgia Tech,126.28876943042862,37
East Carolina,2020-04-28T03:00:46.980Z,Georgia Tech,27.434891952385122,37
Florida Atlantic,2020-04-28T03:00:46.980Z,Chaos,197.91513413073383,37
Florida International,2020-04-28T03:00:46.980Z,Chaos,187.30194361569977,37
Florida State,2020-04-28T03:00:46.980Z,Georgia Tech,1.483592409226068,37
Georgia,2020-04-28T03:00:46.980Z,Georgia Tech,221.83556292785028,37
Georgia State,2020-04-28T03:00:46.980Z,Georgia Tech,8.208668578123596,37
Georgia Tech,2020-04-28T03:00:46.980Z,Georgia Tech,20.48738775927669,37
Houston,2020-04-28T03:00:46.980Z,Texas A&M,125.11496972780783,37
Illinois,2020-04-28T03:00:46.980Z,Wisconsin,127.16693836031173,37
Indiana,2020-04-28T03:00:46.980Z,Wisconsin,72.96877084795882,37
Iowa,2020-04-28T03:00:46.980Z,Wisconsin,337.5657980839984,37
Iowa State,2020-04-28T03:00:46.980Z,Nebraska,77.96993860178031,37
Kansas,2020-04-28T03:00:46.980Z,Texas,40.83171924318483,37
Kansas State,2020-04-28T03:00:46.980Z,Nebraska,37.55365465427173,37
Kent State,2020-04-28T03:00:46.980Z,Ohio State,93.30010731845687,37
Kentucky,2020-04-28T03:00:46.980Z,Chaos,220.49114857189215,37
Liberty,2020-04-28T03:00:46.981Z,Ohio State,120.1031895696159,37
Louisiana,2020-04-28T03:00:46.981Z,Alabama,29.59268568907629,37
Louisiana Monroe,2020-04-28T03:00:46.981Z,Texas,2.196501172839249,37
Louisiana Tech,2020-04-28T03:00:46.981Z,Michigan,462.95815396356153,37
Louisville,2020-04-28T03:00:46.981Z,Wisconsin,231.828514128995,37
LSU,2020-04-28T03:00:46.981Z,Alabama,161.97956989745774,37
Marshall,2020-04-28T03:00:46.981Z,Wisconsin,112.58586730772895,37
Maryland,2020-04-28T03:00:46.981Z,Ohio State,255.93392038034844,37
Memphis,2020-04-28T03:00:46.981Z,Chaos,345.27650057060043,37
Miami,2020-04-28T03:00:46.981Z,Georgia Tech,53.47250604179314,37
Miami (OH),2020-04-28T03:00:46.981Z,Wisconsin,359.20185492810543,37
Middle Tennessee,2020-04-28T03:00:46.981Z,Georgia Tech,27.298529716131117,37
Minnesota,2020-04-28T03:00:46.981Z,Wisconsin,127.89228162676227,37
Mississippi State,2020-04-28T03:00:46.981Z,Chaos,158.802740119897,37
Missouri,2020-04-28T03:00:46.981Z,Chaos,367.8828244107323,37
Navy,2020-04-28T03:00:46.981Z,Ohio State,153.97891980219615,37
NC State,2020-04-28T03:00:46.981Z,Georgia Tech,31.51306213494546,37
Nebraska,2020-04-28T03:00:46.981Z,Nebraska,51.00699246391766,37
Nevada,2020-04-28T03:00:46.981Z,Michigan,16.258969929208572,37
New Mexico,2020-04-28T03:00:46.981Z,Texas A&M,141.92553414845824,37
New Mexico State,2020-04-28T03:00:46.981Z,Michigan,325.34768130891695,37
North Carolina,2020-04-28T03:00:46.981Z,Georgia Tech,68.65330185825464,37
North Texas,2020-04-28T03:00:46.981Z,Wisconsin,110.14992573380633,37
Ohio,2020-04-28T03:00:46.982Z,Ohio State,17.097807770850565,37
Ohio State,2020-04-28T03:00:46.982Z,Ohio State,32.57592567429383,37
Oklahoma,2020-04-28T03:00:46.983Z,Wisconsin,270.62643420544777,37
Oklahoma State,2020-04-28T03:00:46.983Z,Wisconsin,246.9150302098912,37
Old Dominion,2020-04-28T03:00:46.983Z,Georgia Tech,167.77016407988395,37
Ole Miss,2020-04-28T03:00:46.983Z,Nebraska,32.76562952802956,37
Oregon,2020-04-28T03:00:46.983Z,Michigan,9.326319504447195,37
Oregon State,2020-04-28T03:00:46.983Z,Michigan,6.8285762516301425,37
Penn State,2020-04-28T03:00:46.983Z,Michigan,412.5163455795427,37
Pittsburgh,2020-04-28T03:00:46.983Z,Ohio State,251.74097637468117,37
Rutgers,2020-04-28T03:00:46.983Z,Michigan,0.562816086392244,37
San Diego State,2020-04-28T03:00:46.983Z,Georgia Tech,25.558033912278454,37
SMU,2020-04-28T03:00:46.983Z,Texas A&M,37.61089292754051,37
South Alabama,2020-04-28T03:00:46.983Z,Alabama,136.42977459766502,37
South Carolina,2020-04-28T03:00:46.983Z,Chaos,174.14665329920894,37
Southern Mississippi,2020-04-28T03:00:46.983Z,Georgia Tech,145.82906653312563,37
Syracuse,2020-04-28T03:00:46.983Z,Michigan,590.1726598471206,37
TCU,2020-04-28T03:00:46.983Z,Michigan,586.4976713370772,37
Temple,2020-04-28T03:00:46.983Z,Michigan,428.0113257827587,37
Tennessee,2020-04-28T03:00:46.983Z,Chaos,219.77730996421326,37
Texas,2020-04-28T03:00:46.983Z,Texas A&M,418.57174012204894,37
Texas A&M,2020-04-28T03:00:46.983Z,Texas,567.4108756368296,37
Texas State,2020-04-28T03:00:46.983Z,Texas A&M,71.59971695696959,37
Texas Tech,2020-04-28T03:00:46.983Z,Wisconsin,270.0211869270552,37
Toledo,2020-04-28T03:00:46.983Z,Wisconsin,300.47234713224293,37
Troy,2020-04-28T03:00:46.983Z,Alabama,169.9066033370539,37
Tulane,2020-04-28T03:00:46.983Z,Alabama,9.403794828682992,37
Tulsa,2020-04-28T03:00:46.983Z,Texas,286.74312202594024,37
UAB,2020-04-28T03:00:46.984Z,Alabama,140.03986522077463,37
UMass,2020-04-28T03:00:46.984Z,Michigan,602.4327227381857,37
UNLV,2020-04-28T03:00:46.984Z,Michigan,36.32655407830972,37
USC,2020-04-28T03:00:46.984Z,Michigan,208.44280017813742,37
Utah,2020-04-28T03:00:46.984Z,Nebraska,28.826343113736716,37
Utah State,2020-04-28T03:00:46.984Z,Nebraska,66.88622415745003,37
UTEP,2020-04-28T03:00:46.984Z,Texas A&M,52.98194638195794,37
Vanderbilt,2020-04-28T03:00:46.984Z,Nebraska,50.506980571714394,37
Virginia,2020-04-28T03:00:46.984Z,Ohio State,103.23306068394388,37
Virginia Tech,2020-04-28T03:00:46.984Z,Georgia Tech,133.1001399372932,37
Wake Forest,2020-04-28T03:00:46.984Z,Georgia Tech,33.99400929944329,37
Washington,2020-04-28T03:00:46.984Z,Michigan,4.625983400399561,37
Washington State,2020-04-28T03:00:46.984Z,Nebraska,26.085769702650673,37
Western Kentucky,2020-04-28T03:00:46.984Z,Chaos,353.01159414937354,37
West Virginia,2020-04-28T03:00:46.984Z,Ohio State,83.42852879829583,37
Wyoming,2020-04-28T03:00:46.984Z,Nebraska,164.75420418910443,37
